shared_buffers,work_mem,relid,relname,idx_scan,idx_tup_fetch,n_tup_ins,n_tup_upd,n_tup_hot_upd,n_tup_del,n_live_tup,n_dead_tup
128MB,4MB,16773,sbtest4,165993,320211,108382,3686,1747,1693,106758,4353
128MB,4MB,16871,sbtest11,166999,342310,108408,3832,1833,1737,106723,4448
128MB,4MB,16785,sbtest5,166591,333604,108388,3762,1817,1728,106692,4426
128MB,4MB,17054,sbtest24,166355,350635,108297,3800,1809,1733,106610,4453
128MB,4MB,16895,sbtest13,166827,343893,108265,3755,1803,1782,106554,4562
128MB,4MB,16974,sbtest18,166660,343581,108337,3904,1840,1710,106690,4468
128MB,4MB,16942,sbtest16,167509,351338,108392,3873,1817,1715,106750,4644
128MB,4MB,16986,sbtest19,168015,349375,108274,3939,1895,1787,106565,4724
128MB,4MB,16761,sbtest3,166797,349615,108212,3811,1821,1686,106573,4395
128MB,4MB,16821,sbtest8,166422,335102,108305,3806,1877,1698,106686,4428
128MB,4MB,16859,sbtest10,167806,358546,108447,4047,1904,1753,106753,4581
128MB,4MB,16962,sbtest17,166996,338935,108179,3715,1753,1784,106457,4446
128MB,4MB,16918,sbtest14,166886,338475,108391,3757,1754,1722,106728,4514
128MB,4MB,16847,sbtest9,168072,358917,108303,4035,1936,1748,106613,4543
128MB,4MB,16809,sbtest7,166139,331794,108327,3757,1764,1698,106693,4385
128MB,4MB,17030,sbtest22,166960,349920,108336,3831,1782,1713,106680,4325
128MB,4MB,16998,sbtest20,166410,329528,108196,3785,1778,1680,106589,4415
128MB,4MB,16797,sbtest6,167021,336782,108033,3782,1798,1737,106310,4292
128MB,4MB,17042,sbtest23,165193,312804,108038,3435,1615,1689,106414,4134
128MB,4MB,16930,sbtest15,167492,350423,108219,3916,1864,1728,106552,4493
128MB,4MB,16749,sbtest2,166905,329950,108219,3724,1822,1713,106577,4313
128MB,4MB,16737,sbtest1,12299267,16335124,108294,3961,1890,1808,106547,4574
128MB,4MB,17014,sbtest21,166986,350323,108430,3830,1798,1750,106746,4325
128MB,4MB,16883,sbtest12,167384,343070,108337,3843,1844,1762,106634,4547
128MB,4MB,16773,sbtest4,170387,329807,108575,4359,2161,1713,106931,4699
128MB,4MB,16871,sbtest11,171671,358294,108623,4606,2324,1770,106905,4825
128MB,4MB,16785,sbtest5,171010,344700,108621,4490,2268,1744,106909,4765
128MB,4MB,17054,sbtest24,171147,366627,108529,4595,2308,1770,106805,4885
128MB,4MB,16895,sbtest13,171524,358257,108494,4539,2296,1808,106757,5012
128MB,4MB,16974,sbtest18,171373,359315,108600,4677,2336,1743,106920,4887
128MB,4MB,16942,sbtest16,171823,359945,108609,4630,2298,1728,106954,5052
128MB,4MB,16986,sbtest19,172607,361524,108496,4705,2370,1807,106767,5136
128MB,4MB,16761,sbtest3,171279,362054,108395,4575,2320,1712,106730,4838
128MB,4MB,16821,sbtest8,171210,352039,108560,4634,2396,1729,106910,4835
128MB,4MB,16859,sbtest10,172470,374009,108679,4899,2447,1779,106959,5096
128MB,4MB,16962,sbtest17,171674,352380,108399,4445,2218,1812,106649,4795
128MB,4MB,16918,sbtest14,171310,350789,108599,4487,2224,1747,106911,4916
128MB,4MB,16847,sbtest9,172542,373568,108557,4788,2406,1776,106839,4979
128MB,4MB,16809,sbtest7,170749,345594,108551,4497,2234,1726,106889,4811
128MB,4MB,17030,sbtest22,171684,366629,108556,4638,2294,1744,106869,4823
128MB,4MB,16998,sbtest20,170838,341300,108436,4565,2271,1700,106809,4853
128MB,4MB,16797,sbtest6,171456,349215,108256,4540,2278,1757,106513,4701
128MB,4MB,17042,sbtest23,169743,325585,108229,4136,2078,1710,106584,4506
128MB,4MB,16930,sbtest15,172140,366261,108434,4650,2338,1757,106738,4895
128MB,4MB,16749,sbtest2,171218,339631,108417,4463,2311,1731,106757,4692
128MB,4MB,16737,sbtest1,14838224,20424726,108490,4741,2403,1827,106724,4893
128MB,4MB,17014,sbtest21,171435,362027,108634,4628,2287,1769,106931,4734
128MB,4MB,16883,sbtest12,171924,356332,108573,4614,2334,1786,106846,5000
128MB,4MB,16773,sbtest4,175851,342524,108917,4407,2186,1731,107255,4579
128MB,4MB,16871,sbtest11,177125,371936,108929,4665,2354,1796,107185,4670
128MB,4MB,16785,sbtest5,176665,362509,108970,4558,2304,1774,107228,4670
128MB,4MB,17054,sbtest24,177099,388564,108896,4675,2350,1818,107124,4812
128MB,4MB,16895,sbtest13,177239,377322,108847,4616,2332,1844,107074,4886
128MB,4MB,16974,sbtest18,176996,376753,108956,4743,2365,1776,107242,4784
128MB,4MB,16942,sbtest16,177491,377034,108926,4689,2326,1755,107244,5011
128MB,4MB,16986,sbtest19,178398,380848,108865,4775,2405,1845,107098,5054
128MB,4MB,16761,sbtest3,177190,382102,108754,4648,2358,1752,107049,4710
128MB,4MB,16821,sbtest8,176957,369138,108904,4705,2430,1758,107225,4722
128MB,4MB,16859,sbtest10,178024,389402,109036,4953,2477,1810,107285,4924
128MB,4MB,16962,sbtest17,177474,370158,108751,4514,2253,1849,106964,4728
128MB,4MB,16918,sbtest14,176953,366377,108911,4541,2247,1778,107192,4750
128MB,4MB,16847,sbtest9,178393,394998,108929,4874,2451,1822,107165,4904
128MB,4MB,16809,sbtest7,176286,361975,108890,4552,2259,1755,107199,4705
128MB,4MB,17030,sbtest22,177226,383070,108845,4701,2323,1776,107126,4649
128MB,4MB,16998,sbtest20,176557,358755,108787,4632,2304,1734,107126,4754
128MB,4MB,16797,sbtest6,177194,363461,108562,4582,2299,1780,106796,4551
128MB,4MB,17042,sbtest23,175578,344502,108574,4198,2109,1751,106888,4427
128MB,4MB,16930,sbtest15,177884,385262,108791,4721,2371,1792,107060,4787
128MB,4MB,16749,sbtest2,176800,355815,108776,4520,2333,1763,107084,4567
128MB,4MB,16737,sbtest1,14843998,20443848,108808,4811,2435,1862,107007,4789
128MB,4MB,17014,sbtest21,177059,378842,108989,4692,2321,1799,107256,4614
128MB,4MB,16883,sbtest12,177726,375225,108920,4687,2372,1823,107155,4873
128MB,4MB,16773,sbtest4,179418,345025,108917,4407,2186,1731,107255,4562
128MB,4MB,16871,sbtest11,180831,374579,108929,4665,2354,1796,107185,4636
128MB,4MB,16785,sbtest5,180254,365103,108970,4558,2304,1774,107228,4652
128MB,4MB,17054,sbtest24,180734,391323,108896,4675,2350,1818,107124,4784
128MB,4MB,16895,sbtest13,180938,380028,108847,4616,2332,1844,107074,4872
128MB,4MB,16974,sbtest18,180640,379494,108956,4743,2365,1776,107242,4765
128MB,4MB,16942,sbtest16,181155,379759,108926,4689,2326,1755,107244,4989
128MB,4MB,16986,sbtest19,182135,383648,108865,4775,2405,1845,107098,5033
128MB,4MB,16761,sbtest3,180890,384876,108754,4648,2358,1752,107049,4689
128MB,4MB,16821,sbtest8,180521,371855,108904,4705,2430,1758,107225,4697
128MB,4MB,16859,sbtest10,181766,392284,109036,4953,2477,1810,107285,4907
128MB,4MB,16962,sbtest17,181033,372801,108751,4514,2253,1849,106964,4710
128MB,4MB,16918,sbtest14,180568,368997,108911,4541,2247,1778,107192,4729
128MB,4MB,16847,sbtest9,182086,397785,108929,4874,2451,1822,107165,4891
128MB,4MB,16809,sbtest7,179962,364691,108890,4552,2259,1755,107199,4684
128MB,4MB,17030,sbtest22,180907,385781,108845,4701,2323,1776,107126,4632
128MB,4MB,16998,sbtest20,180276,361470,108787,4632,2304,1734,107126,4740
128MB,4MB,16797,sbtest6,180952,366207,108562,4582,2299,1780,106796,4529
128MB,4MB,17042,sbtest23,179244,347035,108574,4198,2109,1751,106888,4396
128MB,4MB,16930,sbtest15,181592,388055,108791,4721,2371,1792,107060,4772
128MB,4MB,16749,sbtest2,180406,358402,108776,4520,2333,1763,107084,4545
128MB,4MB,16737,sbtest1,14847627,20446583,108808,4811,2435,1862,107007,4775
128MB,4MB,17014,sbtest21,180610,381496,108989,4692,2321,1799,107256,4594
128MB,4MB,16883,sbtest12,181327,377909,108920,4687,2372,1823,107155,4850
128MB,4MB,16773,sbtest4,186464,350007,108917,4407,2186,1731,107255,4550
128MB,4MB,16871,sbtest11,187803,379635,108929,4665,2354,1796,107185,4622
128MB,4MB,16785,sbtest5,187363,370317,108970,4558,2304,1774,107228,4636
128MB,4MB,17054,sbtest24,187907,396744,108896,4675,2350,1818,107124,4772
128MB,4MB,16895,sbtest13,187984,385201,108847,4616,2332,1844,107074,4863
128MB,4MB,16974,sbtest18,187802,384884,108956,4743,2365,1776,107242,4754
128MB,4MB,16942,sbtest16,188321,385123,108926,4689,2326,1755,107244,4972
128MB,4MB,16986,sbtest19,189173,388874,108865,4775,2405,1845,107098,5023
128MB,4MB,16761,sbtest3,187915,390263,108754,4648,2358,1752,107049,4675
128MB,4MB,16821,sbtest8,187493,377150,108904,4705,2430,1758,107225,4687
128MB,4MB,16859,sbtest10,188753,397529,109036,4953,2477,1810,107285,4890
128MB,4MB,16962,sbtest17,188070,377966,108751,4514,2253,1849,106964,4700
128MB,4MB,16918,sbtest14,187542,374080,108911,4541,2247,1778,107192,4714
128MB,4MB,16847,sbtest9,189171,403206,108929,4874,2451,1822,107165,4883
128MB,4MB,16809,sbtest7,186988,369917,108890,4552,2259,1755,107199,4670
128MB,4MB,17030,sbtest22,187884,391120,108845,4701,2323,1776,107126,4613
128MB,4MB,16998,sbtest20,187210,366589,108787,4632,2304,1734,107126,4730
128MB,4MB,16797,sbtest6,188007,371436,108562,4582,2299,1780,106796,4510
128MB,4MB,17042,sbtest23,186284,351972,108574,4198,2109,1751,106888,4378
128MB,4MB,16930,sbtest15,188512,393298,108791,4721,2371,1792,107060,4763
128MB,4MB,16749,sbtest2,187380,363396,108776,4520,2333,1763,107084,4534
128MB,4MB,16737,sbtest1,14854619,20451852,108808,4811,2435,1862,107007,4768
128MB,4MB,17014,sbtest21,187731,386835,108989,4692,2321,1799,107256,4581
128MB,4MB,16883,sbtest12,188222,383019,108920,4687,2372,1823,107155,4843
128MB,4MB,16773,sbtest4,194692,355790,108917,4407,2186,1731,107255,4545
128MB,4MB,16871,sbtest11,196108,385671,108929,4665,2354,1796,107185,4620
128MB,4MB,16785,sbtest5,195506,376286,108970,4558,2304,1774,107228,4629
128MB,4MB,17054,sbtest24,196033,402837,108896,4675,2350,1818,107124,4765
128MB,4MB,16895,sbtest13,196164,391245,108847,4616,2332,1844,107074,4859
128MB,4MB,16974,sbtest18,196058,391094,108956,4743,2365,1776,107242,4750
128MB,4MB,16942,sbtest16,196415,391241,108926,4689,2326,1755,107244,4970
128MB,4MB,16986,sbtest19,197477,395031,108865,4775,2405,1845,107098,5021
128MB,4MB,16761,sbtest3,196210,396507,108754,4648,2358,1752,107049,4668
128MB,4MB,16821,sbtest8,195695,383313,108904,4705,2430,1758,107225,4682
128MB,4MB,16859,sbtest10,196975,403819,109036,4953,2477,1810,107285,4882
128MB,4MB,16962,sbtest17,196351,384007,108751,4514,2253,1849,106964,4691
128MB,4MB,16918,sbtest14,195853,380021,108911,4541,2247,1778,107192,4710
128MB,4MB,16847,sbtest9,197567,409648,108929,4874,2451,1822,107165,4881
128MB,4MB,16809,sbtest7,195249,376098,108890,4552,2259,1755,107199,4669
128MB,4MB,17030,sbtest22,196096,397233,108845,4701,2323,1776,107126,4608
128MB,4MB,16998,sbtest20,195454,372634,108787,4632,2304,1734,107126,4727
128MB,4MB,16797,sbtest6,196266,377540,108562,4582,2299,1780,106796,4505
128MB,4MB,17042,sbtest23,194644,357770,108574,4198,2109,1751,106888,4374
128MB,4MB,16930,sbtest15,196939,399567,108791,4721,2371,1792,107060,4758
128MB,4MB,16749,sbtest2,195527,369249,108776,4520,2333,1763,107084,4529
128MB,4MB,16737,sbtest1,14862827,20458066,108808,4811,2435,1862,107007,4764
128MB,4MB,17014,sbtest21,195929,392939,108989,4692,2321,1799,107256,4574
128MB,4MB,16883,sbtest12,196305,389101,108920,4687,2372,1823,107155,4838
128MB,4MB,16773,sbtest4,198179,358237,108917,4407,2186,1731,107255,4545
128MB,4MB,16871,sbtest11,199765,388412,108929,4665,2354,1796,107185,4620
128MB,4MB,16785,sbtest5,199255,379090,108970,4558,2304,1774,107228,4629
128MB,4MB,17054,sbtest24,199680,405540,108896,4675,2350,1818,107124,4764
128MB,4MB,16895,sbtest13,199834,393932,108847,4616,2332,1844,107074,4859
128MB,4MB,16974,sbtest18,199735,393836,108956,4743,2365,1776,107242,4750
128MB,4MB,16942,sbtest16,200075,393906,108926,4689,2326,1755,107244,4969
128MB,4MB,16986,sbtest19,201157,397771,108865,4775,2405,1845,107098,5020
128MB,4MB,16761,sbtest3,199980,399377,108754,4648,2358,1752,107049,4667
128MB,4MB,16821,sbtest8,199256,386002,108904,4705,2430,1758,107225,4682
128MB,4MB,16859,sbtest10,200724,406679,109036,4953,2477,1810,107285,4882
128MB,4MB,16962,sbtest17,200016,386671,108751,4514,2253,1849,106964,4691
128MB,4MB,16918,sbtest14,199477,382601,108911,4541,2247,1778,107192,4710
128MB,4MB,16847,sbtest9,201262,412465,108929,4874,2451,1822,107165,4881
128MB,4MB,16809,sbtest7,198872,378799,108890,4552,2259,1755,107199,4669
128MB,4MB,17030,sbtest22,199776,399972,108845,4701,2323,1776,107126,4606
128MB,4MB,16998,sbtest20,199086,375280,108787,4632,2304,1734,107126,4727
128MB,4MB,16797,sbtest6,199835,380230,108562,4582,2299,1780,106796,4505
128MB,4MB,17042,sbtest23,198422,360431,108574,4198,2109,1751,106888,4374
128MB,4MB,16930,sbtest15,200539,402274,108791,4721,2371,1792,107060,4756
128MB,4MB,16749,sbtest2,199196,371872,108776,4520,2333,1763,107084,4529
128MB,4MB,16737,sbtest1,14866473,20460881,108808,4811,2435,1862,107007,4764
128MB,4MB,17014,sbtest21,199565,395622,108989,4692,2321,1799,107256,4573
128MB,4MB,16883,sbtest12,200012,391840,108920,4687,2372,1823,107155,4836
128MB,4MB,16773,sbtest4,207753,380049,109465,5213,2691,1777,107757,5195
128MB,4MB,16871,sbtest11,209241,412096,109485,5457,2828,1835,107702,5210
128MB,4MB,16785,sbtest5,209004,404037,109534,5432,2842,1813,107753,5282
128MB,4MB,17054,sbtest24,209264,430463,109444,5554,2878,1863,107627,5418
128MB,4MB,16895,sbtest13,209402,417405,109451,5443,2838,1885,107637,5488
128MB,4MB,16974,sbtest18,209200,418281,109524,5547,2836,1815,107771,5410
128MB,4MB,16942,sbtest16,209646,414933,109512,5501,2821,1791,107794,5614
128MB,4MB,16986,sbtest19,210216,414733,109408,5597,2939,1868,107618,5615
128MB,4MB,16761,sbtest3,209544,424594,109315,5513,2891,1793,107569,5328
128MB,4MB,16821,sbtest8,209002,411148,109459,5590,2960,1798,107740,5373
128MB,4MB,16859,sbtest10,210626,435585,109605,5869,3030,1866,107798,5537
128MB,4MB,16962,sbtest17,209315,410166,109297,5285,2724,1888,107471,5249
128MB,4MB,16918,sbtest14,208784,402667,109484,5317,2722,1811,107732,5351
128MB,4MB,16847,sbtest9,210602,436258,109460,5690,2961,1862,107656,5494
128MB,4MB,16809,sbtest7,208429,401402,109451,5372,2746,1792,107723,5267
128MB,4MB,17030,sbtest22,209093,422173,109415,5429,2767,1811,107661,5143
128MB,4MB,16998,sbtest20,208542,399593,109358,5505,2806,1774,107657,5348
128MB,4MB,16797,sbtest6,209342,403980,109077,5411,2820,1821,107270,5127
128MB,4MB,17042,sbtest23,207955,383384,109123,5009,2592,1792,107396,4951
128MB,4MB,16930,sbtest15,210098,426043,109380,5597,2878,1836,107605,5396
128MB,4MB,16749,sbtest2,208659,394748,109321,5337,2822,1804,107588,5136
128MB,4MB,16737,sbtest1,18266870,25374158,109364,5632,2909,1896,107529,5406
128MB,4MB,17014,sbtest21,208920,416036,109590,5504,2814,1828,107828,5212
128MB,4MB,16883,sbtest12,209620,417314,109508,5504,2869,1867,107699,5410
128MB,4MB,16773,sbtest4,215581,398165,109823,5926,3121,1812,108080,5579
128MB,4MB,16871,sbtest11,217136,433016,109852,6186,3272,1866,108038,5591
128MB,4MB,16785,sbtest5,216765,420328,109880,6121,3244,1839,108073,5568
128MB,4MB,17054,sbtest24,216767,446017,109760,6249,3310,1890,107916,5693
128MB,4MB,16895,sbtest13,217067,435540,109784,6115,3226,1917,107938,5836
128MB,4MB,16974,sbtest18,216795,437479,109849,6226,3248,1845,108066,5807
128MB,4MB,16942,sbtest16,217411,430602,109868,6194,3256,1816,108125,5967
128MB,4MB,16986,sbtest19,217797,431891,109765,6252,3342,1899,107944,5900
128MB,4MB,16761,sbtest3,217111,440345,109655,6208,3324,1814,107888,5598
128MB,4MB,16821,sbtest8,216689,429215,109838,6281,3391,1828,108089,5756
128MB,4MB,16859,sbtest10,218540,456197,109981,6608,3485,1898,108142,5953
128MB,4MB,16962,sbtest17,216960,427008,109636,5930,3134,1919,107779,5547
128MB,4MB,16918,sbtest14,216641,422670,109864,6011,3139,1845,108077,5749
128MB,4MB,16847,sbtest9,218103,453047,109825,6366,3376,1892,107991,5815
128MB,4MB,16809,sbtest7,215943,416885,109777,6047,3153,1815,108025,5551
128MB,4MB,17030,sbtest22,216832,440201,109770,6176,3236,1835,107992,5436
128MB,4MB,16998,sbtest20,215942,414163,109698,6160,3218,1794,107977,5632
128MB,4MB,16797,sbtest6,217165,423032,109444,6072,3228,1851,107607,5443
128MB,4MB,17042,sbtest23,215276,397057,109481,5628,2954,1814,107732,5257
128MB,4MB,16930,sbtest15,217910,446354,109727,6324,3338,1871,107917,5723
128MB,4MB,16749,sbtest2,216425,413314,109642,5979,3204,1840,107873,5445
128MB,4MB,16737,sbtest1,22201707,30519045,109681,6351,3346,1923,107819,5733
128MB,4MB,17014,sbtest21,216591,433379,109950,6209,3212,1850,108166,5538
128MB,4MB,16883,sbtest12,217263,434980,109882,6203,3314,1891,108049,5730
150MB,4MB,16773,sbtest4,217225,399360,109823,5926,3121,1812,108080,5471
150MB,4MB,16871,sbtest11,218853,434353,109852,6186,3272,1866,108038,5491
150MB,4MB,16785,sbtest5,218441,421619,109880,6121,3244,1839,108073,5492
150MB,4MB,17054,sbtest24,218557,447407,109760,6249,3310,1890,107916,5566
150MB,4MB,16895,sbtest13,218800,436869,109784,6115,3226,1917,107938,5710
150MB,4MB,16974,sbtest18,218486,438769,109849,6226,3248,1845,108066,5705
150MB,4MB,16942,sbtest16,219151,431904,109868,6194,3256,1816,108125,5806
150MB,4MB,16986,sbtest19,219494,433216,109765,6252,3342,1899,107944,5738
150MB,4MB,16761,sbtest3,218787,441641,109655,6208,3324,1814,107888,5479
150MB,4MB,16821,sbtest8,218342,430538,109838,6281,3391,1828,108089,5695
150MB,4MB,16859,sbtest10,220208,457520,109981,6608,3485,1898,108142,5841
150MB,4MB,16962,sbtest17,218669,428274,109636,5930,3134,1919,107779,5459
150MB,4MB,16918,sbtest14,218345,423924,109864,6011,3139,1845,108077,5590
150MB,4MB,16847,sbtest9,219864,454406,109825,6366,3376,1892,107991,5692
150MB,4MB,16809,sbtest7,217587,418154,109777,6047,3153,1815,108025,5425
150MB,4MB,17030,sbtest22,218647,441631,109770,6176,3236,1835,107992,5309
150MB,4MB,16998,sbtest20,217722,415510,109698,6160,3218,1794,107977,5538
150MB,4MB,16797,sbtest6,218859,424338,109444,6072,3228,1851,107607,5322
150MB,4MB,17042,sbtest23,216985,398306,109481,5628,2954,1814,107732,5156
150MB,4MB,16930,sbtest15,219581,447640,109727,6324,3338,1871,107917,5565
150MB,4MB,16749,sbtest2,218154,414590,109642,5979,3204,1840,107873,5352
150MB,4MB,16737,sbtest1,22203391,30520361,109681,6351,3346,1923,107819,5609
150MB,4MB,17014,sbtest21,218256,434694,109950,6209,3212,1850,108166,5400
150MB,4MB,16883,sbtest12,218981,436340,109882,6203,3314,1891,108049,5606
150MB,4MB,16773,sbtest4,221325,402370,109824,5926,3121,1812,108080,5429
150MB,4MB,16871,sbtest11,222947,437485,109853,6186,3272,1866,108038,5430
150MB,4MB,16785,sbtest5,222505,424712,109881,6121,3244,1839,108073,5446
150MB,4MB,17054,sbtest24,222631,450565,109761,6249,3310,1890,107916,5520
150MB,4MB,16895,sbtest13,222978,440050,109785,6115,3226,1917,107938,5671
150MB,4MB,16974,sbtest18,222518,441926,109850,6226,3248,1845,108066,5663
150MB,4MB,16942,sbtest16,223295,435057,109869,6194,3256,1816,108125,5761
150MB,4MB,16986,sbtest19,223537,436289,109766,6252,3342,1899,107944,5699
150MB,4MB,16761,sbtest3,222901,444823,109656,6208,3324,1814,107888,5421
150MB,4MB,16821,sbtest8,222466,433761,109839,6281,3391,1828,108089,5652
150MB,4MB,16859,sbtest10,224443,460869,109982,6608,3485,1898,108142,5773
150MB,4MB,16962,sbtest17,222820,431391,109637,5930,3134,1919,107779,5414
150MB,4MB,16918,sbtest14,222412,426958,109865,6011,3139,1845,108077,5541
150MB,4MB,16847,sbtest9,223921,457606,109826,6366,3376,1892,107991,5642
150MB,4MB,16809,sbtest7,221666,421276,109778,6047,3153,1815,108025,5372
150MB,4MB,17030,sbtest22,222712,444871,109771,6176,3236,1835,107992,5257
150MB,4MB,16998,sbtest20,221889,418700,109699,6160,3218,1794,107977,5497
150MB,4MB,16797,sbtest6,223002,427485,109445,6072,3228,1851,107607,5265
150MB,4MB,17042,sbtest23,221159,401355,109482,5628,2954,1814,107732,5104
150MB,4MB,16930,sbtest15,223685,450815,109728,6324,3338,1871,107917,5513
150MB,4MB,16749,sbtest2,222276,417656,109643,5979,3204,1840,107873,5309
150MB,4MB,16737,sbtest1,22207513,30523517,109682,6351,3346,1923,107819,5558
150MB,4MB,17014,sbtest21,222399,437913,109951,6209,3212,1850,108166,5350
150MB,4MB,16883,sbtest12,223097,439503,109883,6203,3314,1891,108049,5559
150MB,4MB,16773,sbtest4,226658,406238,110291,5926,3121,1812,108546,5406
150MB,4MB,16871,sbtest11,228387,441633,110403,6186,3272,1866,108587,5416
150MB,4MB,16785,sbtest5,227974,428829,110360,6121,3244,1839,108551,5430
150MB,4MB,17054,sbtest24,227932,454627,110226,6249,3310,1890,108380,5499
150MB,4MB,16895,sbtest13,228497,444237,110312,6115,3226,1917,108464,5655
150MB,4MB,16974,sbtest18,227998,446257,110328,6226,3248,1845,108543,5646
150MB,4MB,16942,sbtest16,228613,439121,110384,6194,3256,1816,108639,5745
150MB,4MB,16986,sbtest19,229030,440463,110273,6252,3342,1899,108450,5680
150MB,4MB,16761,sbtest3,228331,449094,110182,6208,3324,1814,108413,5406
150MB,4MB,16821,sbtest8,227982,438096,110341,6281,3391,1828,108590,5636
150MB,4MB,16859,sbtest10,229965,465231,110504,6608,3485,1898,108663,5757
150MB,4MB,16962,sbtest17,228166,435453,110111,5930,3134,1919,108252,5391
150MB,4MB,16918,sbtest14,227801,430961,110377,6011,3139,1845,108588,5524
150MB,4MB,16847,sbtest9,229351,461796,110342,6366,3376,1892,108506,5634
150MB,4MB,16809,sbtest7,227000,425369,110260,6047,3153,1815,108506,5352
150MB,4MB,17030,sbtest22,228114,449042,110262,6176,3236,1835,108482,5247
150MB,4MB,16998,sbtest20,227322,422832,110200,6160,3218,1794,108477,5480
150MB,4MB,16797,sbtest6,228466,431712,109946,6072,3228,1851,108107,5255
150MB,4MB,17042,sbtest23,226634,405325,109935,5628,2954,1814,108184,5086
150MB,4MB,16930,sbtest15,229144,455068,110245,6324,3338,1871,108433,5500
150MB,4MB,16749,sbtest2,227637,421668,110098,5979,3204,1840,108327,5295
150MB,4MB,16737,sbtest1,22212913,30527699,110140,6351,3346,1923,108276,5549
150MB,4MB,17014,sbtest21,227909,442229,110437,6209,3212,1850,108651,5336
150MB,4MB,16883,sbtest12,228588,443775,110337,6203,3314,1891,108502,5539
150MB,4MB,16773,sbtest4,240768,436269,111479,6013,3159,1867,109679,5456
150MB,4MB,16871,sbtest11,242683,475776,111616,6305,3331,1919,109747,5494
150MB,4MB,16785,sbtest5,241947,459389,111580,6222,3293,1891,109719,5544
150MB,4MB,17054,sbtest24,242260,492644,111495,6380,3375,1957,109582,5625
150MB,4MB,16895,sbtest13,242396,475082,111559,6218,3277,1970,109658,5754
150MB,4MB,16974,sbtest18,241996,479720,111539,6338,3305,1903,109696,5740
150MB,4MB,16942,sbtest16,243002,473887,111602,6303,3309,1875,109798,5856
150MB,4MB,16986,sbtest19,243579,476048,111499,6378,3401,1964,109611,5810
150MB,4MB,16761,sbtest3,242655,483690,111407,6327,3378,1870,109581,5530
150MB,4MB,16821,sbtest8,242226,473010,111560,6400,3445,1892,109745,5595
150MB,4MB,16859,sbtest10,244234,498946,111681,6720,3537,1956,109782,5802
150MB,4MB,16962,sbtest17,242465,470907,111307,6041,3189,1978,109389,5502
150MB,4MB,16918,sbtest14,242307,467037,111591,6143,3200,1911,109736,5641
150MB,4MB,16847,sbtest9,243812,497526,111600,6486,3431,1951,109704,5652
150MB,4MB,16809,sbtest7,241187,460224,111481,6161,3200,1867,109675,5449
150MB,4MB,17030,sbtest22,242383,481679,111532,6290,3285,1887,109700,5359
150MB,4MB,16998,sbtest20,241794,456509,111398,6272,3271,1851,109618,5566
150MB,4MB,16797,sbtest6,243204,472575,111246,6215,3295,1921,109337,5358
150MB,4MB,17042,sbtest23,241137,440646,111114,5761,3018,1872,109305,5221
150MB,4MB,16930,sbtest15,243395,489012,111460,6442,3389,1930,109589,5629
150MB,4MB,16749,sbtest2,241938,453307,111348,6086,3254,1892,109525,5378
150MB,4MB,16737,sbtest1,22227201,30560999,111310,6467,3397,1974,109394,5658
150MB,4MB,17014,sbtest21,242588,483167,111673,6355,3280,1923,109814,5465
150MB,4MB,16883,sbtest12,242835,480096,111563,6321,3365,1951,109668,5646
150MB,4MB,16773,sbtest4,256562,475109,112110,6153,3225,1939,110238,5601
150MB,4MB,16871,sbtest11,258824,524868,112267,6485,3418,2006,110311,5682
150MB,4MB,16785,sbtest5,257563,499254,112202,6351,3356,1957,110275,5696
150MB,4MB,17054,sbtest24,257894,533112,112099,6514,3437,2028,110115,5787
150MB,4MB,16895,sbtest13,258088,517109,112210,6368,3347,2043,110236,5875
150MB,4MB,16974,sbtest18,257494,517469,112148,6462,3363,1959,110249,5819
150MB,4MB,16942,sbtest16,258523,515720,112218,6451,3379,1949,110340,5995
150MB,4MB,16986,sbtest19,259048,511342,112111,6489,3451,2023,110164,5940
150MB,4MB,16761,sbtest3,258538,524649,111993,6467,3445,1939,110098,5642
150MB,4MB,16821,sbtest8,257737,508899,112139,6510,3493,1950,110266,5726
150MB,4MB,16859,sbtest10,260065,540312,112282,6859,3603,2023,110316,5972
150MB,4MB,16962,sbtest17,257924,503983,111872,6147,3237,2030,109902,5616
150MB,4MB,16918,sbtest14,258156,508566,112206,6286,3266,1984,110278,5789
150MB,4MB,16847,sbtest9,259484,536529,112211,6616,3487,2011,110255,5775
150MB,4MB,16809,sbtest7,256771,498520,112096,6295,3264,1930,110227,5596
150MB,4MB,17030,sbtest22,257981,521275,112161,6419,3348,1959,110257,5504
150MB,4MB,16998,sbtest20,257158,493155,112006,6397,3324,1909,110168,5688
150MB,4MB,16797,sbtest6,259017,514380,111815,6367,3362,1996,109831,5497
150MB,4MB,17042,sbtest23,256813,478308,111679,5889,3077,1932,109810,5367
150MB,4MB,16930,sbtest15,259191,530120,112080,6585,3458,2008,110131,5758
150MB,4MB,16749,sbtest2,257622,488498,111922,6204,3309,1947,110044,5503
150MB,4MB,16737,sbtest1,23408873,30742703,111922,6600,3459,2045,109935,5785
150MB,4MB,17014,sbtest21,258354,523721,112276,6499,3349,1988,110352,5611
150MB,4MB,16883,sbtest12,258248,517903,112131,6446,3423,2014,110173,5764
150MB,4MB,16773,sbtest4,272557,510000,112940,6265,3276,1997,111010,5739
150MB,4MB,16785,sbtest5,273494,536805,113013,6471,3415,2021,111021,5833
150MB,4MB,17054,sbtest24,273948,571445,112970,6642,3498,2088,110926,5922
150MB,4MB,16895,sbtest13,273960,554954,113030,6491,3403,2108,110991,6024
150MB,4MB,16974,sbtest18,273356,554980,112989,6579,3420,2021,111028,5918
150MB,4MB,16942,sbtest16,274598,554961,113057,6588,3432,2012,111116,6091
150MB,4MB,16986,sbtest19,275090,545943,112925,6606,3502,2076,110925,6062
150MB,4MB,16761,sbtest3,274709,566092,112831,6610,3511,2015,110860,5786
150MB,4MB,16962,sbtest17,273812,540208,112744,6263,3290,2091,110713,5746
150MB,4MB,17042,sbtest23,272548,516993,112546,6026,3144,1996,110613,5505
150MB,4MB,16749,sbtest2,273373,519118,112766,6290,3350,1989,110846,5568
150MB,4MB,16883,sbtest12,274305,557769,112995,6578,3484,2084,110967,5929
150MB,4MB,16871,sbtest11,274962,563261,113046,6610,3479,2075,111021,5825
150MB,4MB,16821,sbtest8,274298,553250,113013,6664,3568,2029,111061,5898
150MB,4MB,16859,sbtest10,275957,576031,113129,6969,3652,2084,111102,6087
150MB,4MB,16918,sbtest14,274547,550914,113071,6436,3337,2059,111068,5950
150MB,4MB,16847,sbtest9,275378,573344,113045,6733,3537,2065,111035,5876
150MB,4MB,16809,sbtest7,272670,535340,112958,6413,3315,1992,111027,5736
150MB,4MB,17030,sbtest22,274221,563569,112986,6562,3418,2025,111016,5660
150MB,4MB,16998,sbtest20,273038,528540,112823,6512,3378,1966,110928,5810
150MB,4MB,16797,sbtest6,274807,550986,112660,6483,3417,2059,110613,5641
150MB,4MB,16930,sbtest15,275080,564704,112896,6696,3509,2067,110888,5894
150MB,4MB,16737,sbtest1,24997442,31003990,112762,6720,3519,2100,110720,5886
150MB,4MB,17014,sbtest21,274326,561886,113119,6619,3408,2055,111128,5762
150MB,4MB,16773,sbtest4,287489,549015,113640,6412,3342,2071,111636,5886
150MB,4MB,16785,sbtest5,288262,578203,113742,6618,3487,2094,111677,5991
150MB,4MB,17054,sbtest24,289082,619284,113705,6816,3580,2172,111577,6123
150MB,4MB,16895,sbtest13,289349,604446,113766,6687,3492,2202,111633,6229
150MB,4MB,16974,sbtest18,288311,598470,113722,6740,3490,2105,111677,6072
150MB,4MB,16942,sbtest16,289287,596841,113749,6744,3496,2094,111726,6286
150MB,4MB,16986,sbtest19,290110,592862,113662,6778,3587,2161,111577,6261
150MB,4MB,16761,sbtest3,289767,613695,113595,6785,3599,2100,111601,6015
150MB,4MB,16962,sbtest17,288819,584219,113467,6413,3358,2163,111364,5917
150MB,4MB,17042,sbtest23,287482,557983,113280,6169,3212,2069,111274,5669
150MB,4MB,16749,sbtest2,288192,559851,113487,6433,3415,2059,111497,5741
150MB,4MB,16883,sbtest12,289370,602523,113747,6745,3561,2161,111642,6127
150MB,4MB,16871,sbtest11,289704,602672,113764,6743,3543,2136,111678,5971
150MB,4MB,16821,sbtest8,289055,594524,113735,6817,3638,2101,111710,6056
150MB,4MB,16859,sbtest10,290761,616501,113854,7111,3718,2150,111808,6261
150MB,4MB,16918,sbtest14,289641,599477,113771,6614,3421,2143,111684,6134
150MB,4MB,16847,sbtest9,290009,613118,113807,6866,3601,2130,111732,6035
150MB,4MB,16809,sbtest7,287174,571294,113669,6529,3369,2048,111682,5873
150MB,4MB,17030,sbtest22,289324,612275,113692,6747,3507,2115,111632,5872
150MB,4MB,16998,sbtest20,287865,567917,113550,6655,3445,2037,111584,5968
150MB,4MB,16797,sbtest6,289744,596394,113375,6655,3498,2135,111252,5839
150MB,4MB,16930,sbtest15,289772,604168,113586,6832,3572,2136,111509,6055
150MB,4MB,16737,sbtest1,28222027,35300084,113441,6846,3579,2156,111382,6022
150MB,4MB,17014,sbtest21,289524,609457,113839,6788,3488,2139,111764,5947
250MB,10MB,16785,sbtest5,296996,615334,114511,6771,3555,2169,112435,6215
250MB,10MB,16986,sbtest19,298614,623932,114399,6896,3639,2224,112304,6393
250MB,10MB,16749,sbtest2,296819,592387,114239,6553,3471,2128,112177,5851
250MB,10MB,16883,sbtest12,298157,640651,114520,6895,3635,2233,112392,6326
250MB,10MB,16859,sbtest10,299368,650646,114543,7252,3786,2216,112431,6427
250MB,10MB,17030,sbtest22,298189,651241,114480,6901,3575,2199,112375,6089
250MB,10MB,16998,sbtest20,296480,603105,114314,6791,3510,2106,112334,6130
250MB,10MB,16737,sbtest1,31109435,39129277,114236,7010,3659,2239,112094,6218
250MB,10MB,16773,sbtest4,295998,582108,114372,6537,3395,2133,112295,6022
250MB,10MB,17054,sbtest24,297808,656268,114445,6954,3643,2245,112282,6291
250MB,10MB,16895,sbtest13,298078,642714,114573,6831,3557,2275,112411,6447
250MB,10MB,16974,sbtest18,297029,634920,114455,6889,3549,2175,112374,6225
250MB,10MB,16942,sbtest16,298322,638347,114525,6905,3573,2181,112468,6506
250MB,10MB,16761,sbtest3,298234,643124,114379,6900,3652,2158,112327,6141
250MB,10MB,16962,sbtest17,297075,612944,114265,6516,3405,2219,112162,6074
250MB,10MB,17042,sbtest23,296171,592002,114018,6307,3272,2132,111976,5836
250MB,10MB,16871,sbtest11,298575,642115,114565,6905,3621,2217,112429,6151
250MB,10MB,16821,sbtest8,297972,633116,114507,6967,3699,2181,112463,6227
250MB,10MB,16918,sbtest14,298221,634154,114519,6751,3485,2209,112413,6301
250MB,10MB,16847,sbtest9,298621,646255,114559,6987,3659,2190,112464,6188
250MB,10MB,16809,sbtest7,295972,609498,114465,6676,3438,2126,112447,6029
250MB,10MB,16797,sbtest6,298404,630339,114143,6784,3561,2203,112032,6005
250MB,10MB,16930,sbtest15,298824,644581,114364,7002,3649,2221,112258,6252
250MB,10MB,17014,sbtest21,297939,640511,114644,6905,3540,2188,112542,6070
250MB,10MB,16785,sbtest5,308503,624944,114511,8665,4963,2169,112435,7412
250MB,10MB,16986,sbtest19,310225,633626,114399,8892,5147,2224,112304,7665
250MB,10MB,16749,sbtest2,308229,601698,114239,8402,4819,2128,112177,7100
250MB,10MB,16883,sbtest12,309743,650645,114520,8841,5044,2233,112392,7630
250MB,10MB,16859,sbtest10,310937,660631,114543,9154,5196,2216,112431,7586
250MB,10MB,17030,sbtest22,309906,661272,114480,8970,5114,2199,112375,7416
250MB,10MB,16998,sbtest20,308317,612941,114314,8763,4979,2106,112334,7328
250MB,10MB,16737,sbtest1,31121069,39139212,114236,8948,5093,2239,112094,7544
250MB,10MB,16773,sbtest4,307685,591515,114372,8424,4758,2133,112295,7107
250MB,10MB,17054,sbtest24,309562,666369,114445,8980,5110,2245,112282,7610
250MB,10MB,16895,sbtest13,309903,652728,114573,8825,5005,2275,112411,7763
250MB,10MB,16974,sbtest18,308587,644775,114455,8841,4993,2175,112374,7445
250MB,10MB,16942,sbtest16,309962,648191,114525,8852,4984,2181,112468,7823
250MB,10MB,16761,sbtest3,309731,652941,114379,8834,5076,2158,112327,7394
250MB,10MB,16962,sbtest17,308687,622627,114265,8453,4781,2219,112162,7343
250MB,10MB,17042,sbtest23,307625,601506,114018,8199,4707,2132,111976,7045
250MB,10MB,16871,sbtest11,310284,652183,114565,8968,5125,2217,112429,7439
250MB,10MB,16821,sbtest8,309594,643002,114507,8979,5154,2181,112463,7539
250MB,10MB,16918,sbtest14,310034,644141,114519,8694,4875,2209,112413,7728
250MB,10MB,16847,sbtest9,310412,656423,114559,9014,5150,2190,112464,7532
250MB,10MB,16809,sbtest7,307822,619598,114465,8753,4993,2126,112447,7403
250MB,10MB,16797,sbtest6,310117,640300,114143,8732,4991,2203,112032,7315
250MB,10MB,16930,sbtest15,310611,654503,114364,9019,5110,2221,112258,7571
250MB,10MB,17014,sbtest21,309543,650591,114644,8794,4874,2188,112542,7306
250MB,10MB,16785,sbtest5,319885,634587,114511,10291,6160,2169,112435,8085
250MB,10MB,16986,sbtest19,321326,642942,114399,10426,6242,2224,112304,8094
250MB,10MB,16749,sbtest2,319603,610986,114239,9933,5961,2128,112177,7565
250MB,10MB,16883,sbtest12,320966,660316,114520,10408,6215,2233,112392,8159
250MB,10MB,16859,sbtest10,322242,670446,114543,10769,6388,2216,112431,8269
250MB,10MB,17030,sbtest22,321272,670904,114480,10572,6269,2199,112375,8024
250MB,10MB,16998,sbtest20,319713,622465,114314,10347,6126,2106,112334,7922
250MB,10MB,16737,sbtest1,34646125,43587543,114236,10591,6314,2239,112094,8026
250MB,10MB,16773,sbtest4,319114,600700,114372,9944,5858,2133,112295,7629
250MB,10MB,17054,sbtest24,321013,676233,114445,10644,6321,2245,112282,8282
250MB,10MB,16895,sbtest13,321191,662223,114573,10398,6145,2275,112411,8447
250MB,10MB,16974,sbtest18,319832,654370,114455,10499,6202,2175,112374,7913
250MB,10MB,16942,sbtest16,321064,657471,114525,10413,6091,2181,112468,8300
250MB,10MB,16761,sbtest3,321064,662618,114379,10460,6321,2158,112327,7986
250MB,10MB,16962,sbtest17,319878,631954,114265,9945,5854,2219,112162,7906
250MB,10MB,17042,sbtest23,318732,610621,114018,9704,5790,2132,111976,7658
250MB,10MB,16871,sbtest11,321615,661882,114565,10581,6306,2217,112429,8136
250MB,10MB,16821,sbtest8,320952,652638,114507,10601,6342,2181,112463,8203
250MB,10MB,16918,sbtest14,321279,653597,114519,10260,5997,2209,112413,8399
250MB,10MB,16847,sbtest9,321742,666165,114559,10702,6393,2190,112464,8111
250MB,10MB,16809,sbtest7,319021,629091,114465,10359,6201,2126,112447,8046
250MB,10MB,16797,sbtest6,321327,649824,114143,10331,6136,2203,112032,7921
250MB,10MB,16930,sbtest15,321735,663782,114364,10584,6231,2221,112258,8163
250MB,10MB,17014,sbtest21,320898,660473,114644,10408,6050,2188,112542,7797
250MB,10MB,16785,sbtest5,341550,681003,114594,12267,7545,2246,112441,8919
250MB,10MB,16986,sbtest19,343079,697730,114507,12285,7493,2318,112318,9014
250MB,10MB,16749,sbtest2,341433,658615,114329,11866,7290,2203,112192,8447
250MB,10MB,16883,sbtest12,342377,706120,114598,12466,7638,2300,112403,9015
250MB,10MB,16859,sbtest10,343850,718718,114629,12755,7757,2293,112440,9170
250MB,10MB,17030,sbtest22,343310,726672,114587,12632,7732,2297,112383,8922
250MB,10MB,16998,sbtest20,341658,671077,114403,12417,7520,2176,112353,8885
250MB,10MB,16737,sbtest1,38241173,48176601,114324,12566,7642,2312,112109,8957
250MB,10MB,16773,sbtest4,341009,653053,114478,11846,7155,2216,112318,8475
250MB,10MB,17054,sbtest24,342635,719431,114516,12600,7690,2304,112294,8958
250MB,10MB,16895,sbtest13,342718,708073,114654,12360,7463,2340,112427,9401
250MB,10MB,16974,sbtest18,342084,710048,114561,12501,7578,2264,112391,8825
250MB,10MB,16942,sbtest16,342347,701673,114601,12392,7431,2242,112483,9161
250MB,10MB,16761,sbtest3,343124,716127,114479,12479,7676,2246,112339,8905
250MB,10MB,16962,sbtest17,341777,687115,114373,11906,7184,2313,112176,8851
250MB,10MB,17042,sbtest23,340257,662352,114118,11687,7136,2217,111991,8520
250MB,10MB,16871,sbtest11,343684,718426,114674,12715,7761,2314,112441,8947
250MB,10MB,16821,sbtest8,342658,704811,114604,12653,7714,2262,112479,9025
250MB,10MB,16918,sbtest14,343109,701911,114607,12292,7402,2286,112424,9382
250MB,10MB,16847,sbtest9,343505,716940,114650,12695,7741,2266,112479,8917
250MB,10MB,16809,sbtest7,340760,676222,114549,12348,7531,2199,112458,8890
250MB,10MB,16797,sbtest6,343403,707851,114256,12352,7557,2297,112051,8748
250MB,10MB,16930,sbtest15,343445,718426,114471,12550,7611,2306,112280,9102
250MB,10MB,17014,sbtest21,342771,711852,114738,12516,7527,2272,112552,8487
250MB,10MB,16785,sbtest5,349711,687934,114594,13406,8357,2246,112441,9119
250MB,10MB,16986,sbtest19,351233,704682,114507,13433,8311,2318,112318,9400
250MB,10MB,16749,sbtest2,349556,665414,114329,12986,8068,2203,112192,8714
250MB,10MB,16883,sbtest12,350367,713070,114598,13598,8447,2300,112403,9448
250MB,10MB,16859,sbtest10,352001,725856,114629,13910,8562,2293,112440,9583
250MB,10MB,17030,sbtest22,351672,733911,114587,13797,8559,2297,112383,9247
250MB,10MB,16998,sbtest20,349879,678098,114403,13597,8358,2176,112353,9164
250MB,10MB,16737,sbtest1,41333040,52421663,114324,13728,8455,2312,112109,9277
250MB,10MB,16773,sbtest4,349199,659792,114478,12944,7936,2216,112318,8813
250MB,10MB,17054,sbtest24,350645,726422,114516,13780,8531,2304,112294,9284
250MB,10MB,16895,sbtest13,350973,715253,114654,13522,8283,2340,112427,9720
250MB,10MB,16974,sbtest18,350166,717065,114561,13698,8455,2264,112391,9146
250MB,10MB,16942,sbtest16,350428,708573,114601,13530,8237,2242,112483,9424
250MB,10MB,16761,sbtest3,351332,723221,114479,13627,8484,2246,112339,9257
250MB,10MB,16962,sbtest17,349966,694054,114373,12990,7961,2313,112176,9077
250MB,10MB,17042,sbtest23,348283,669143,114118,12831,7935,2217,111991,8900
250MB,10MB,16871,sbtest11,351660,725332,114674,13802,8547,2314,112441,9304
250MB,10MB,16821,sbtest8,350483,711619,114604,13743,8468,2262,112479,9256
250MB,10MB,16918,sbtest14,351190,708743,114607,13364,8160,2286,112424,9577
250MB,10MB,16847,sbtest9,351631,724092,114650,13927,8639,2266,112479,9349
250MB,10MB,16809,sbtest7,348897,683239,114549,13549,8384,2199,112458,9123
250MB,10MB,16797,sbtest6,351512,714916,114256,13549,8416,2297,112051,9060
250MB,10MB,16930,sbtest15,351563,725437,114471,13692,8414,2306,112280,9365
250MB,10MB,17014,sbtest21,351030,719040,114738,13653,8323,2272,112552,8709
125MB,5MB,16785,sbtest5,353348,691002,114594,14357,8981,2246,112441,9464
125MB,5MB,16986,sbtest19,354861,707764,114507,14365,8946,2318,112318,9691
125MB,5MB,16749,sbtest2,353356,668581,114329,13914,8695,2203,112192,9162
125MB,5MB,16883,sbtest12,354039,716240,114598,14560,9079,2300,112403,9812
125MB,5MB,16859,sbtest10,355697,729114,114629,14876,9194,2293,112440,9956
125MB,5MB,17030,sbtest22,355348,737049,114587,14746,9215,2297,112383,9502
125MB,5MB,16998,sbtest20,353730,681411,114403,14533,8970,2176,112353,9555
125MB,5MB,16737,sbtest1,41336838,52424945,114324,14730,9121,2312,112109,9625
125MB,5MB,16773,sbtest4,352867,662828,114478,13905,8587,2216,112318,9221
125MB,5MB,17054,sbtest24,354309,729610,114516,14731,9172,2304,112294,9513
125MB,5MB,16895,sbtest13,354714,718490,114654,14551,8979,2340,112427,10190
125MB,5MB,16974,sbtest18,353836,720245,114561,14709,9143,2264,112391,9477
125MB,5MB,16942,sbtest16,354030,711669,114601,14471,8845,2242,112483,9697
125MB,5MB,16761,sbtest3,355076,726427,114479,14610,9131,2246,112339,9603
125MB,5MB,16962,sbtest17,353633,697175,114373,13886,8572,2313,112176,9343
125MB,5MB,17042,sbtest23,351954,672196,114118,13743,8559,2217,111991,9195
125MB,5MB,16871,sbtest11,355380,728553,114674,14778,9209,2314,112441,9627
125MB,5MB,16821,sbtest8,354142,714790,114604,14733,9113,2262,112479,9537
125MB,5MB,16918,sbtest14,354961,711939,114607,14336,8800,2286,112424,9996
125MB,5MB,16847,sbtest9,355248,727270,114650,14839,9230,2266,112479,9578
125MB,5MB,16809,sbtest7,352390,686269,114549,14485,9003,2199,112458,9387
125MB,5MB,16797,sbtest6,355233,718125,114256,14526,9093,2297,112051,9512
125MB,5MB,16930,sbtest15,355267,728606,114471,14644,9031,2306,112280,9854
125MB,5MB,17014,sbtest21,354565,722122,114738,14560,8914,2272,112552,9026
125MB,5MB,16785,sbtest5,357630,694587,114594,15063,9668,2246,112441,9584
125MB,5MB,16986,sbtest19,359105,711382,114507,15045,9608,2318,112318,9852
125MB,5MB,16749,sbtest2,357656,672183,114329,14645,9406,2203,112192,9246
125MB,5MB,16883,sbtest12,358342,719938,114598,15300,9797,2300,112403,9872
125MB,5MB,16859,sbtest10,359866,732764,114629,15563,9861,2293,112440,10105
125MB,5MB,17030,sbtest22,359715,740749,114587,15467,9923,2297,112383,9600
125MB,5MB,16998,sbtest20,358012,685083,114403,15272,9686,2176,112353,9703
125MB,5MB,16737,sbtest1,41341175,52428688,114324,15485,9853,2312,112109,9758
125MB,5MB,16773,sbtest4,357209,666463,114478,14617,9293,2216,112318,9305
125MB,5MB,17054,sbtest24,358660,733412,114516,15533,9958,2304,112294,9592
125MB,5MB,16895,sbtest13,359031,722194,114654,15288,9702,2340,112427,10331
125MB,5MB,16974,sbtest18,358219,724052,114561,15469,9882,2264,112391,9614
125MB,5MB,16942,sbtest16,358422,715404,114601,15234,9590,2242,112483,9958
125MB,5MB,16761,sbtest3,359369,730108,114479,15357,9854,2246,112339,9666
125MB,5MB,16962,sbtest17,357930,700824,114373,14632,9294,2313,112176,9559
125MB,5MB,17042,sbtest23,356376,675896,114118,14524,9320,2217,111991,9349
125MB,5MB,16871,sbtest11,359598,732201,114674,15485,9904,2314,112441,9607
125MB,5MB,16821,sbtest8,358504,718594,114604,15535,9895,2262,112479,9691
125MB,5MB,16918,sbtest14,359294,715672,114607,15096,9550,2286,112424,10158
125MB,5MB,16847,sbtest9,359518,731048,114650,15628,9993,2266,112479,9738
125MB,5MB,16809,sbtest7,356633,689918,114549,15241,9747,2199,112458,9536
125MB,5MB,16797,sbtest6,359680,721988,114256,15302,9853,2297,112051,9688
125MB,5MB,16930,sbtest15,359616,732382,114471,15405,9775,2306,112280,9972
125MB,5MB,17014,sbtest21,358870,725883,114738,15320,9658,2272,112552,9168
125MB,5MB,16785,sbtest5,363924,726598,115119,15199,9734,2312,112900,9405
125MB,5MB,16986,sbtest19,365357,742933,115013,15181,9672,2383,112759,9710
125MB,5MB,16749,sbtest2,363993,702148,114879,14773,9467,2265,112680,9088
125MB,5MB,16883,sbtest12,364431,747212,115141,15411,9848,2355,112891,9661
125MB,5MB,16859,sbtest10,366070,762896,115146,15689,9917,2360,112890,9742
125MB,5MB,17030,sbtest22,366163,775670,115100,15617,9993,2367,112826,9442
125MB,5MB,16998,sbtest20,364110,713247,114952,15381,9736,2236,112842,9513
125MB,5MB,16737,sbtest1,41347476,52460464,114857,15618,9917,2377,112577,9626
125MB,5MB,16773,sbtest4,363186,689923,115018,14715,9339,2263,112811,9089
125MB,5MB,17054,sbtest24,364881,762335,115032,15650,10009,2359,112755,9325
125MB,5MB,16895,sbtest13,365517,756544,115201,15429,9773,2412,112902,10168
125MB,5MB,16974,sbtest18,364652,756874,115094,15605,9943,2335,112852,9389
125MB,5MB,16942,sbtest16,364743,746816,115149,15360,9650,2309,112964,9820
125MB,5MB,16761,sbtest3,365686,760727,114978,15478,9917,2308,112776,9522
125MB,5MB,16962,sbtest17,364274,732602,114882,14761,9356,2371,112627,9340
125MB,5MB,17042,sbtest23,362751,704951,114610,14643,9377,2274,112426,9203
125MB,5MB,16871,sbtest11,365826,765263,115229,15624,9966,2376,112934,9458
125MB,5MB,16821,sbtest8,364918,750508,115109,15670,9960,2330,112916,9384
125MB,5MB,16918,sbtest14,365642,746899,115127,15225,9610,2349,112881,10008
125MB,5MB,16847,sbtest9,365959,765513,115146,15769,10064,2340,112901,9628
125MB,5MB,16809,sbtest7,362673,714380,115103,15332,9793,2245,112965,9327
125MB,5MB,16797,sbtest6,366210,755881,114808,15435,9913,2370,112530,9488
125MB,5MB,16930,sbtest15,366048,766971,115057,15562,9851,2379,112793,9886
125MB,5MB,17014,sbtest21,365085,756968,115248,15444,9717,2337,112997,8726
128MB,50MB,16785,sbtest5,367433,751615,115695,15303,9781,2371,113417,9495
128MB,50MB,16986,sbtest19,368875,768242,115618,15300,9730,2444,113303,9667
128MB,50MB,16749,sbtest2,367420,725048,115450,14867,9511,2316,113200,9121
128MB,50MB,16883,sbtest12,367964,773718,115721,15532,9909,2414,113412,9785
128MB,50MB,16859,sbtest10,369444,786350,115763,15788,9962,2410,113457,9836
128MB,50MB,17030,sbtest22,369668,800761,115639,15728,10047,2422,113310,9509
128MB,50MB,16998,sbtest20,367815,743008,115552,15506,9798,2296,113382,9639
128MB,50MB,16737,sbtest1,41350820,52483779,115412,15723,9969,2430,113079,9684
128MB,50MB,16773,sbtest4,366561,711102,115598,14807,9382,2311,113342,9146
128MB,50MB,17054,sbtest24,368024,783944,115563,15731,10045,2407,113238,9397
128MB,50MB,16895,sbtest13,369085,782799,115746,15544,9828,2472,113387,10270
128MB,50MB,16974,sbtest18,368174,784212,115666,15722,10001,2397,113362,9506
128MB,50MB,16942,sbtest16,368125,769786,115775,15466,9703,2364,113535,9888
128MB,50MB,16761,sbtest3,369004,781323,115586,15575,9961,2349,113343,9596
128MB,50MB,16962,sbtest17,368057,763418,115506,14895,9420,2444,113178,9452
128MB,50MB,17042,sbtest23,366010,726430,115239,14736,9423,2320,113009,9278
128MB,50MB,16871,sbtest11,369368,792346,115815,15742,10020,2438,113458,9546
128MB,50MB,16821,sbtest8,368453,777247,115732,15789,10021,2392,113477,9498
128MB,50MB,16918,sbtest14,369205,775238,115706,15354,9674,2406,113403,10144
128MB,50MB,16847,sbtest9,369293,790160,115714,15876,10118,2395,113413,9699
128MB,50MB,16809,sbtest7,366188,740368,115746,15446,9846,2305,113548,9389
128MB,50MB,16797,sbtest6,369698,782701,115420,15548,9968,2424,113088,9584
128MB,50MB,16930,sbtest15,369473,791367,115633,15667,9901,2435,113313,9977
128MB,50MB,17014,sbtest21,368328,777910,115834,15535,9750,2382,113538,8799
128MB,50MB,16785,sbtest5,373779,777548,116193,15407,9827,2412,113874,9585
128MB,50MB,16986,sbtest19,375126,791676,116123,15386,9764,2492,113760,9761
128MB,50MB,16749,sbtest2,373906,753277,116009,14984,9567,2371,113704,9218
128MB,50MB,16883,sbtest12,374333,796882,116218,15624,9954,2458,113865,9879
128MB,50MB,16859,sbtest10,375560,808343,116294,15877,10001,2448,113950,9923
128MB,50MB,17030,sbtest22,376211,827808,116154,15838,10094,2472,113775,9606
128MB,50MB,16998,sbtest20,374137,767019,116039,15595,9838,2344,113821,9714
128MB,50MB,16737,sbtest1,41357013,52507786,115901,15817,10013,2479,113521,9784
128MB,50MB,16773,sbtest4,372962,736271,116089,14907,9434,2363,113781,9248
128MB,50MB,17054,sbtest24,374861,818505,116078,15876,10111,2480,113680,9541
128MB,50MB,16895,sbtest13,375324,805950,116219,15630,9868,2519,113813,10345
128MB,50MB,16974,sbtest18,374623,810533,116201,15823,10050,2449,113845,9565
128MB,50MB,16942,sbtest16,374603,797086,116303,15570,9752,2416,114011,9931
128MB,50MB,16761,sbtest3,375306,806287,116089,15673,10010,2398,113795,9707
128MB,50MB,16962,sbtest17,374522,791063,116025,14994,9467,2501,113640,9538
128MB,50MB,17042,sbtest23,372520,753351,115735,14841,9471,2374,113451,9357
128MB,50MB,16871,sbtest11,375964,821756,116344,15858,10076,2498,113927,9652
128MB,50MB,16821,sbtest8,374900,803863,116243,15893,10073,2446,113934,9589
128MB,50MB,16918,sbtest14,375572,802397,116198,15460,9725,2462,113839,10224
128MB,50MB,16847,sbtest9,375721,818265,116232,15992,10176,2455,113871,9826
128MB,50MB,16809,sbtest7,372518,764675,116251,15542,9891,2351,114007,9433
128MB,50MB,16797,sbtest6,376195,810499,115939,15655,10019,2480,113551,9695
128MB,50MB,16930,sbtest15,375848,816593,116144,15769,9947,2486,113773,10064
128MB,50MB,17014,sbtest21,374666,802217,116312,15621,9788,2432,113966,8894
128MB,50MB,16785,sbtest5,379553,800979,116749,15498,9874,2458,114384,9696
128MB,50MB,16986,sbtest19,380834,814324,116676,15475,9809,2539,114266,9846
128MB,50MB,16749,sbtest2,380125,784502,116579,15106,9629,2437,114208,9342
128MB,50MB,16883,sbtest12,380455,825987,116760,15748,10014,2516,114349,9994
128MB,50MB,16859,sbtest10,381556,834584,116875,15976,10047,2499,114481,10062
128MB,50MB,17030,sbtest22,382344,858330,116757,15963,10155,2532,114318,9753
128MB,50MB,16998,sbtest20,380113,792866,116606,15697,9886,2394,114338,9818
128MB,50MB,16737,sbtest1,41362943,52533867,116479,15924,10066,2534,114044,9919
128MB,50MB,16773,sbtest4,378962,762900,116680,15016,9485,2412,114322,9373
128MB,50MB,17054,sbtest24,380688,839463,116595,15958,10146,2519,114158,9625
128MB,50MB,16895,sbtest13,381436,836107,116808,15745,9926,2581,114340,10467
128MB,50MB,16974,sbtest18,380684,839424,116793,15947,10113,2508,114378,9698
128MB,50MB,16942,sbtest16,380709,824776,116923,15686,9805,2471,114576,10039
128MB,50MB,16761,sbtest3,381243,834598,116621,15795,10067,2453,114272,9847
128MB,50MB,16962,sbtest17,380359,816663,116621,15100,9521,2554,114183,9643
128MB,50MB,17042,sbtest23,378530,778211,116324,14933,9516,2424,113990,9418
128MB,50MB,16871,sbtest11,381985,848717,116902,15964,10128,2552,114431,9776
128MB,50MB,16821,sbtest8,380873,829645,116853,15999,10125,2503,114487,9659
128MB,50MB,16918,sbtest14,381825,835218,116784,15590,9782,2530,114357,10375
128MB,50MB,16847,sbtest9,381791,844447,116815,16099,10227,2507,114402,9950
128MB,50MB,16809,sbtest7,378572,794064,116789,15664,9949,2412,114474,9590
128MB,50MB,16797,sbtest6,382104,835215,116479,15750,10066,2527,114045,9759
128MB,50MB,16930,sbtest15,381875,840546,116730,15861,9991,2533,114312,10180
128MB,50MB,17014,sbtest21,380750,830588,116904,15742,9845,2489,114501,9033
128MB,50MB,16785,sbtest5,384810,824516,117261,15596,9920,2504,114864,9768
128MB,50MB,16986,sbtest19,386208,839270,117169,15573,9857,2590,114720,10003
128MB,50MB,16749,sbtest2,385308,806901,117055,15200,9676,2481,114684,9453
128MB,50MB,16883,sbtest12,385525,848127,117255,15837,10058,2562,114800,10095
128MB,50MB,16859,sbtest10,386748,856966,117373,16065,10087,2543,114935,10157
128MB,50MB,17030,sbtest22,387411,879798,117218,16048,10192,2573,114741,9841
128MB,50MB,16998,sbtest20,385611,819883,117123,15813,9942,2448,114802,9919
128MB,50MB,16737,sbtest1,41368244,52558118,117004,16023,10112,2585,114518,9951
128MB,50MB,16773,sbtest4,384488,790549,117202,15127,9541,2464,114847,9511
128MB,50MB,17054,sbtest24,385825,860620,117051,16042,10186,2561,114577,9741
128MB,50MB,16895,sbtest13,386656,858564,117294,15837,9972,2624,114786,10619
128MB,50MB,16974,sbtest18,385846,862807,117332,16041,10157,2553,114874,9807
128MB,50MB,16942,sbtest16,386127,849928,117410,15787,9854,2517,115018,10152
128MB,50MB,16761,sbtest3,386319,856433,117090,15879,10109,2493,114701,9907
128MB,50MB,16962,sbtest17,385590,839991,117110,15195,9568,2603,114629,9760
128MB,50MB,17042,sbtest23,383870,801757,116829,15029,9557,2474,114445,9475
128MB,50MB,16871,sbtest11,387322,873518,117365,16066,10175,2605,114844,9922
128MB,50MB,16821,sbtest8,386069,850158,117326,16073,10157,2543,114921,9661
128MB,50MB,16918,sbtest14,387077,859190,117270,15685,9828,2580,114803,10555
128MB,50MB,16847,sbtest9,387083,869094,117314,16197,10272,2556,114853,10113
128MB,50MB,16809,sbtest7,383858,818444,117269,15763,9993,2458,114908,9688
128MB,50MB,16797,sbtest6,387077,853466,116942,15821,10099,2561,114474,9797
128MB,50MB,16930,sbtest15,386941,861174,117193,15942,10029,2575,114740,10305
128MB,50MB,17014,sbtest21,385982,852192,117396,15826,9884,2532,114952,9152
128MB,50MB,16785,sbtest5,389307,850388,117896,15708,9969,2560,115443,9896
128MB,50MB,16986,sbtest19,390767,865712,117800,15683,9911,2644,115297,10116
128MB,50MB,16749,sbtest2,389738,831644,117707,15304,9724,2533,115284,9586
128MB,50MB,16883,sbtest12,389914,871543,117869,15934,10102,2612,115364,10218
128MB,50MB,16859,sbtest10,391557,888031,118025,16200,10149,2610,115520,10329
128MB,50MB,17030,sbtest22,391779,901427,117862,16136,10234,2619,115339,9950
128MB,50MB,16998,sbtest20,389981,843499,117761,15917,9992,2496,115392,10015
128MB,50MB,16737,sbtest1,41372572,52579249,117660,16107,10155,2626,115133,10028
128MB,50MB,16773,sbtest4,389036,815946,117830,15238,9590,2518,115421,9625
128MB,50MB,17054,sbtest24,390311,885959,117706,16142,10237,2616,115177,9852
128MB,50MB,16895,sbtest13,391204,883341,117970,15942,10023,2678,115408,10731
128MB,50MB,16974,sbtest18,390454,890799,117982,16161,10214,2611,115466,9953
128MB,50MB,16942,sbtest16,390754,876821,118008,15896,9906,2576,115557,10234
128MB,50MB,16761,sbtest3,390645,877884,117693,15966,10150,2537,115260,10008
128MB,50MB,16962,sbtest17,390111,865974,117732,15302,9621,2661,115193,9890
128MB,50MB,17042,sbtest23,388430,827512,117460,15140,9613,2528,115014,9632
128MB,50MB,16871,sbtest11,392185,905644,118065,16203,10238,2676,115473,10083
128MB,50MB,16821,sbtest8,390352,870889,117935,16156,10199,2589,115484,9758
128MB,50MB,16918,sbtest14,391768,886056,117904,15795,9881,2638,115379,10697
128MB,50MB,16847,sbtest9,391370,892540,117915,16296,10316,2602,115408,10217
128MB,50MB,16809,sbtest7,388196,838237,117881,15842,10031,2493,115485,9762
128MB,50MB,16797,sbtest6,391406,875916,117595,15915,10144,2609,115079,9845
128MB,50MB,16930,sbtest15,391484,888820,117845,16060,10083,2635,115332,10444
128MB,50MB,17014,sbtest21,390728,883490,118046,15970,9952,2599,115535,9301
128MB,50MB,16785,sbtest5,394515,870110,118499,15785,10004,2597,116009,9973
128MB,50MB,16986,sbtest19,396005,885747,118473,15765,9950,2680,115934,10211
128MB,50MB,16749,sbtest2,394984,851990,118344,15382,9764,2570,115884,9668
128MB,50MB,16883,sbtest12,394996,889838,118559,16001,10133,2648,116018,10254
128MB,50MB,16859,sbtest10,396771,909508,118706,16285,10191,2649,116162,10422
128MB,50MB,17030,sbtest22,396931,921778,118521,16213,10272,2659,115958,10034
128MB,50MB,16998,sbtest20,395106,861113,118465,15985,10024,2529,116063,10085
128MB,50MB,16737,sbtest1,41377841,52601128,118342,16194,10195,2668,115773,10110
128MB,50MB,16773,sbtest4,394005,832661,118478,15303,9617,2550,116037,9684
128MB,50MB,17054,sbtest24,395605,907455,118382,16223,10278,2659,115810,9933
128MB,50MB,16895,sbtest13,396455,904457,118612,16027,10062,2720,116008,10814
128MB,50MB,16974,sbtest18,395486,908018,118598,16223,10247,2642,116051,10006
128MB,50MB,16942,sbtest16,395958,897892,118654,15978,9945,2616,116163,10313
128MB,50MB,16761,sbtest3,395846,898691,118353,16048,10191,2577,115880,10105
128MB,50MB,16962,sbtest17,395428,887196,118402,15381,9658,2705,115819,9999
128MB,50MB,17042,sbtest23,393698,848567,118094,15225,9651,2570,115606,9723
128MB,50MB,16871,sbtest11,397413,927641,118747,16287,10278,2720,116111,10142
128MB,50MB,16821,sbtest8,395494,891188,118616,16233,10233,2630,116124,9848
128MB,50MB,16918,sbtest14,396988,906511,118563,15871,9916,2680,115996,10776
128MB,50MB,16847,sbtest9,396582,913753,118577,16382,10354,2642,116030,10289
128MB,50MB,16809,sbtest7,393486,859687,118529,15924,10068,2537,116089,9846
128MB,50MB,16797,sbtest6,396667,894942,118213,15987,10180,2646,115659,9936
128MB,50MB,16930,sbtest15,396524,905898,118507,16124,10114,2667,115962,10517
128MB,50MB,17014,sbtest21,395816,903011,118695,16048,9989,2637,116146,9382
